id,type,name,region,iso-alpha-2,iso-alpha-3,income-group,slug,dac-id
AD,country,Andorra,europe,AD,AND,,andorra,AD
AE,country,United Arab Emirates,middle-east,AE,ARE,,united-arab-emirates,AE
AF,country,Afghanistan,south-central-asia,AF,AFG,LDCs,afghanistan,AF
AG,country,Antigua and Barbuda,north-central-america,AG,ATG,UMICs,antigua-and-barbuda,AG
AI,country,Anguilla,north-central-america,AI,AIA,UMICs,anguilla,AI
AL,country,Albania,europe,AL,ALB,UMICs,albania,AL
AM,country,Armenia,south-central-asia,AM,ARM,LMICs,armenia,AM
AO,country,Angola,south-of-sahara,AO,AGO,LDCs,angola,AO
AQ,country,Antarctica,unspecified,AQ,ATA,,antarctica,AQ
AR,country,Argentina,south-america,AR,ARG,UMICs,argentina,AR
AS,country,American Samoa,oceania,AS,ASM,,american-samoa,AS
AT,country,Austria,europe,AT,AUT,,austria,AT
AU,country,Australia,oceania,AU,AUS,,australia,AU
AW,country,Aruba,north-central-america,AW,ABW,,aruba,AW
AX,country,Åland Islands,oceania,AX,ALA,,aland-islands,AX
AZ,country,Azerbaijan,south-central-asia,AZ,AZE,UMICs,azerbaijan,AZ
BA,country,Bosnia and Herzegovina,europe,BA,BIH,UMICs,bosnia-and-herzegovina,BA
BB,country,Barbados,north-central-america,BB,BRB,,barbados,BB
BD,country,Bangladesh,south-central-asia,BD,BGD,LDCs,bangladesh,BD
BE,country,Belgium,europe,BE,BEL,,belgium,BE
BF,country,Burkina Faso,south-of-sahara,BF,BFA,LDCs,burkina-faso,BF
BG,country,Bulgaria,europe,BG,BGR,,bulgaria,BG
BH,country,Bahrain,middle-east,BH,BHR,,bahrain,BH
BI,country,Burundi,south-of-sahara,BI,BDI,LDCs,burundi,BI
BJ,country,Benin,south-of-sahara,BJ,BEN,LDCs,benin,BJ
BL,country,Saint Barthélemy,north-central-america,BL,BLM,,saint-barthelemy,BL
BM,country,Bermuda,north-central-america,BM,BMU,,bermuda,BM
BN,country,Brunei Darussalam,south-central-asia,BN,BRN,,brunei-darussalam,BN
BO,country,"Bolivia, Plurinational State of",south-america,BO,BOL,LMICs,bolivia-plurinational-state-of,BO
BQ,country,"Bonaire, Sint Eustatius and Saba",north-central-america,BQ,BES,,bonaire-sint-eustatius-and-saba,BQ
BR,country,Brazil,south-america,BR,BRA,UMICs,brazil,BR
BS,country,Bahamas,north-central-america,BS,BHS,,bahamas,BS
BT,country,Bhutan,south-central-asia,BT,BTN,LDCs,bhutan,BT
BV,country,Bouvet Island,unspecified,BV,BVT,,bouvet-island,BV
BW,country,Botswana,south-of-sahara,BW,BWA,UMICs,botswana,BW
BY,country,Belarus,europe,BY,BLR,UMICs,belarus,BY
BZ,country,Belize,north-central-america,BZ,BLZ,LMICs,belize,BZ
CA,country,Canada,north-central-america,CA,CAN,,canada,CA
CC,country,Cocos (Keeling) Islands,oceania,CC,CCK,,cocos-keeling-islands,CC
CD,country,"Congo, the Democratic Republic of the",south-of-sahara,CD,COD,LDCs,congo-the-democratic-republic-of-the,CD
CF,country,Central African Republic,south-of-sahara,CF,CAF,LDCs,central-african-republic,CF
CG,country,Congo,south-of-sahara,CG,COG,LMICs,congo,CG
CH,country,Switzerland,europe,CH,CHE,,switzerland,CH
CI,country,Côte d'Ivoire,south-of-sahara,CI,CIV,LMICs,cote-divoire,CI
CK,country,Cook Islands,oceania,CK,COK,UMICs,cook-islands,CK
CL,country,Chile,south-america,CL,CHL,UMICs,chile,CL
CM,country,Cameroon,south-of-sahara,CM,CMR,LMICs,cameroon,CM
CN,country,China,east-asia,CN,CHN,UMICs,china,CN
CO,country,Colombia,south-america,CO,COL,UMICs,colombia,CO
CR,country,Costa Rica,north-central-america,CR,CRI,UMICs,costa-rica,CR
CU,country,Cuba,north-central-america,CU,CUB,UMICs,cuba,CU
CV,country,Cape Verde,south-of-sahara,CV,CPV,LMICs,cape-verde,CV
CW,country,Curaçao,north-central-america,CW,CUW,,curacao,CW
CX,country,Christmas Island,oceania,CX,CXR,,christmas-island,CX
CY,country,Cyprus,europe,CY,CYP,,cyprus,CY
CZ,country,Czech Republic,europe,CZ,CZE,,czech-republic,CZ
DE,country,Germany,europe,DE,DEU,,germany,DE
DJ,country,Djibouti,south-of-sahara,DJ,DJI,LDCs,djibouti,DJ
DK,country,Denmark,europe,DK,DNK,,denmark,DK
DM,country,Dominica,north-central-america,DM,DMA,UMICs,dominica,DM
DO,country,Dominican Republic,north-central-america,DO,DOM,UMICs,dominican-republic,DO
DZ,country,Algeria,north-of-sahara,DZ,DZA,UMICs,algeria,DZ
EC,country,Ecuador,south-america,EC,ECU,UMICs,ecuador,EC
EE,country,Estonia,europe,EE,EST,,estonia,EE
EG,country,Egypt,north-of-sahara,EG,EGY,LMICs,egypt,EG
EH,country,Western Sahara,north-of-sahara,EH,ESH,,western-sahara,EH
ER,country,Eritrea,south-of-sahara,ER,ERI,LDCs,eritrea,ER
ES,country,Spain,europe,ES,ESP,,spain,ES
ET,country,Ethiopia,south-of-sahara,ET,ETH,LDCs,ethiopia,ET
FI,country,Finland,europe,FI,FIN,,finland,FI
FJ,country,Fiji,oceania,FJ,FJI,LMICs,fiji,FJ
FK,country,Falkland Islands (Malvinas),south-america,FK,FLK,,falkland-islands-malvinas,FK
FM,country,"Micronesia, Federated States of",oceania,FM,FSM,LMICs,micronesia-federated-states-of,FM
FO,country,Faroe Islands,europe,FO,FRO,,faroe-islands,FO
FR,country,France,europe,FR,FRA,,france,FR
GA,country,Gabon,south-of-sahara,GA,GAB,UMICs,gabon,GA
GB,country,United Kingdom,europe,GB,GBR,,united-kingdom,GB
GD,country,Grenada,north-central-america,GD,GRD,UMICs,grenada,GD
GE,country,Georgia,south-central-asia,GE,GEO,LMICs,georgia,GE
GF,country,French Guiana,south-america,GF,GUF,,french-guiana,GF
GG,country,Guernsey,europe,GG,GGY,,guernsey,GG
GH,country,Ghana,south-of-sahara,GH,GHA,LMICs,ghana,GH
GI,country,Gibraltar,europe,GI,GIB,,gibraltar,GI
GL,country,Greenland,north-central-america,GL,GRL,,greenland,GL
GM,country,Gambia,south-of-sahara,GM,GMB,LDCs,gambia,GM
GN,country,Guinea,south-of-sahara,GN,GIN,LDCs,guinea,GN
GP,country,Guadeloupe,north-central-america,GP,GLP,,guadeloupe,GP
GQ,country,Equatorial Guinea,south-of-sahara,GQ,GNQ,LDCs,equatorial-guinea,GQ
GR,country,Greece,europe,GR,GRC,,greece,GR
GS,country,South Georgia and the South Sandwich Islands,unspecified,GS,SGS,,south-georgia-and-the-south-sandwich-islands,GS
GT,country,Guatemala,north-central-america,GT,GTM,LMICs,guatemala,GT
GU,country,Guam,oceania,GU,GUM,,guam,GU
GW,country,Guinea-Bissau,south-of-sahara,GW,GNB,LDCs,guinea-bissau,GW
GY,country,Guyana,south-america,GY,GUY,LMICs,guyana,GY
HK,country,Hong Kong,south-central-asia,HK,HKG,,hong-kong,HK
HM,country,Heard Island and McDonald Islands,unspecified,HM,HMD,,heard-island-and-mcdonald-islands,HM
HN,country,Honduras,north-central-america,HN,HND,LMICs,honduras,HN
HR,country,Croatia,europe,HR,HRV,,croatia,HR
HT,country,Haiti,north-central-america,HT,HTI,LDCs,haiti,HT
HU,country,Hungary,europe,HU,HUN,,hungary,HU
ID,country,Indonesia,east-asia,ID,IDN,LMICs,indonesia,ID
IE,country,Ireland,europe,IE,IRL,,ireland,IE
IL,country,Israel,middle-east,IL,ISR,,israel,IL
IM,country,Isle of Man,europe,IM,IMN,,isle-of-man,IM
IN,country,India,south-central-asia,IN,IND,LMICs,india,IN
IO,country,British Indian Ocean Territory,south-central-asia,IO,IOT,,british-indian-ocean-territory,IO
IQ,country,Iraq,middle-east,IQ,IRQ,LMICs,iraq,IQ
IR,country,"Iran, Islamic Republic of",middle-east,IR,IRN,UMICs,iran-islamic-republic-of,IR
IS,country,Iceland,europe,IS,ISL,,iceland,IS
IT,country,Italy,europe,IT,ITA,,italy,IT
JE,country,Jersey,europe,JE,JEY,,jersey,JE
JM,country,Jamaica,north-central-america,JM,JAM,UMICs,jamaica,JM
JO,country,Jordan,middle-east,JO,JOR,UMICs,jordan,JO
JP,country,Japan,east-asia,JP,JPN,,japan,JP
KE,country,Kenya,south-of-sahara,KE,KEN,Other LICs,kenya,KE
KG,country,Kyrgyzstan,south-central-asia,KG,KGZ,Other LICs,kyrgyzstan,KG
KH,country,Cambodia,east-asia,KH,KHM,LDCs,cambodia,KH
KI,country,Kiribati,oceania,KI,KIR,LDCs,kiribati,KI
KM,country,Comoros,south-of-sahara,KM,COM,LDCs,comoros,KM
KN,country,Saint Kitts and Nevis,north-central-america,KN,KNA,UMICs,saint-kitts-and-nevis,KN
KP,country,"Korea, Democratic People's Republic of",east-asia,KP,PRK,Other LICs,korea-democratic-peoples-republic-of,KP
KR,country,"Korea, Republic of",east-asia,KR,KOR,,korea-republic-of,KR
KW,country,Kuwait,middle-east,KW,KWT,,kuwait,KW
KY,country,Cayman Islands,north-central-america,KY,CYM,,cayman-islands,KY
KZ,country,Kazakhstan,south-central-asia,KZ,KAZ,UMICs,kazakhstan,KZ
LA,country,Lao People's Democratic Republic,east-asia,LA,LAO,LDCs,lao-peoples-democratic-republic,LA
LB,country,Lebanon,middle-east,LB,LBN,UMICs,lebanon,LB
LC,country,Saint Lucia,north-central-america,LC,LCA,UMICs,saint-lucia,LC
LI,country,Liechtenstein,europe,LI,LIE,,liechtenstein,LI
LK,country,Sri Lanka,south-central-asia,LK,LKA,LMICs,sri-lanka,LK
LR,country,Liberia,south-of-sahara,LR,LBR,LDCs,liberia,LR
LS,country,Lesotho,south-of-sahara,LS,LSO,LDCs,lesotho,LS
LT,country,Lithuania,europe,LT,LTU,,lithuania,LT
LU,country,Luxembourg,europe,LU,LUX,,luxembourg,LU
LV,country,Latvia,europe,LV,LVA,,latvia,LV
LY,country,Libya,north-of-sahara,LY,LBY,UMICs,libya,LY
MA,country,Morocco,north-of-sahara,MA,MAR,LMICs,morocco,MA
MC,country,Monaco,europe,MC,MCO,,monaco,MC
MD,country,"Moldova, Republic of",europe,MD,MDA,LMICs,moldova-republic-of,MD
ME,country,Montenegro,europe,ME,MNE,UMICs,montenegro,ME
MF,country,Saint Martin (French part),north-central-america,MF,MAF,,saint-martin-french-part,MF
MG,country,Madagascar,south-of-sahara,MG,MDG,LDCs,madagascar,MG
MH,country,Marshall Islands,oceania,MH,MHL,LMICs,marshall-islands,MH
MK,country,"Macedonia, the former Yugoslav Republic of",europe,MK,MKD,UMICs,macedonia-the-former-yugoslav-republic-of,MK
ML,country,Mali,south-of-sahara,ML,MLI,LDCs,mali,ML
MM,country,Myanmar,south-central-asia,MM,MMR,LDCs,myanmar,MM
MN,country,Mongolia,east-asia,MN,MNG,LMICs,mongolia,MN
MO,country,Macao,east-asia,MO,MAC,,macao,MO
MP,country,Northern Mariana Islands,oceania,MP,MNP,,northern-mariana-islands,MP
MQ,country,Martinique,north-central-america,MQ,MTQ,,martinique,MQ
MR,country,Mauritania,south-of-sahara,MR,MRT,LDCs,mauritania,MR
MS,country,Montserrat,north-central-america,MS,MSR,UMICs,montserrat,MS
MT,country,Malta,europe,MT,MLT,,malta,MT
MU,country,Mauritius,south-of-sahara,MU,MUS,UMICs,mauritius,MU
MV,country,Maldives,south-central-asia,MV,MDV,UMICs,maldives,MV
MW,country,Malawi,south-of-sahara,MW,MWI,LDCs,malawi,MW
MX,country,Mexico,north-central-america,MX,MEX,UMICs,mexico,MX
MY,country,Malaysia,east-asia,MY,MYS,UMICs,malaysia,MY
MZ,country,Mozambique,south-of-sahara,MZ,MOZ,LDCs,mozambique,MZ
NA,country,Namibia,south-of-sahara,NA,NAM,UMICs,namibia,NA
NC,country,New Caledonia,oceania,NC,NCL,,new-caledonia,NC
NE,country,Niger,south-of-sahara,NE,NER,LDCs,niger,NE
NF,country,Norfolk Island,oceania,NF,NFK,,norfolk-island,NF
NG,country,Nigeria,south-of-sahara,NG,NGA,LMICs,nigeria,NG
NI,country,Nicaragua,north-central-america,NI,NIC,LMICs,nicaragua,NI
NL,country,Netherlands,europe,NL,NLD,,netherlands,NL
NO,country,Norway,europe,NO,NOR,,norway,NO
NP,country,Nepal,south-central-asia,NP,NPL,LDCs,nepal,NP
NR,country,Nauru,oceania,NR,NRU,UMICs,nauru,NR
NU,country,Niue,oceania,NU,NIU,UMICs,niue,NU
NZ,country,New Zealand,oceania,NZ,NZL,,new-zealand,NZ
OM,country,Oman,middle-east,OM,OMN,,oman,OM
PA,country,Panama,north-central-america,PA,PAN,UMICs,panama,PA
PE,country,Peru,south-america,PE,PER,UMICs,peru,PE
PF,country,French Polynesia,oceania,PF,PYF,,french-polynesia,PF
PG,country,Papua New Guinea,oceania,PG,PNG,LMICs,papua-new-guinea,PG
PH,country,Philippines,east-asia,PH,PHL,LMICs,philippines,PH
PK,country,Pakistan,south-central-asia,PK,PAK,LMICs,pakistan,PK
PL,country,Poland,europe,PL,POL,,poland,PL
PM,country,Saint Pierre and Miquelon,north-central-america,PM,SPM,,saint-pierre-and-miquelon,PM
PN,country,Pitcairn,oceania,PN,PCN,,pitcairn,PN
PR,country,Puerto Rico,north-central-america,PR,PRI,,puerto-rico,PR
PS,country,"Palestine, State of",middle-east,PS,PSE,LMICs,palestine-state-of,PS
PT,country,Portugal,europe,PT,PRT,,portugal,PT
PW,country,Palau,oceania,PW,PLW,UMICs,palau,PW
PY,country,Paraguay,south-america,PY,PRY,LMICs,paraguay,PY
QA,country,Qatar,middle-east,QA,QAT,,qatar,QA
RE,country,Réunion,south-of-sahara,RE,REU,,reunion,RE
RO,country,Romania,europe,RO,ROU,,romania,RO
RS,country,Serbia,europe,RS,SRB,UMICs,serbia,RS
RU,country,Russian Federation,europe,RU,RUS,,russian-federation,RU
RW,country,Rwanda,south-of-sahara,RW,RWA,LDCs,rwanda,RW
SA,country,Saudi Arabia,middle-east,SA,SAU,,saudi-arabia,SA
SB,country,Solomon Islands,oceania,SB,SLB,LDCs,solomon-islands,SB
SC,country,Seychelles,south-of-sahara,SC,SYC,UMICs,seychelles,SC
SD,country,Sudan,south-of-sahara,SD,SDN,LDCs,sudan,SD
SE,country,Sweden,europe,SE,SWE,,sweden,SE
SG,country,Singapore,south-central-asia,SG,SGP,,singapore,SG
SH,country,"Saint Helena, Ascension and Tristan da Cunha",south-of-sahara,SH,SHN,UMICs,saint-helena-ascension-and-tristan-da-cunha,SH
SI,country,Slovenia,europe,SI,SVN,,slovenia,SI
SJ,country,Svalbard and Jan Mayen,europe,SJ,SJM,,svalbard-and-jan-mayen,SJ
SK,country,Slovakia,europe,SK,SVK,,slovakia,SK
SL,country,Sierra Leone,south-of-sahara,SL,SLE,LDCs,sierra-leone,SL
SM,country,San Marino,europe,SM,SMR,,san-marino,SM
SN,country,Senegal,south-of-sahara,SN,SEN,LDCs,senegal,SN
SO,country,Somalia,south-of-sahara,SO,SOM,LDCs,somalia,SO
SR,country,Suriname,south-america,SR,SUR,UMICs,suriname,SR
SS,country,South Sudan,south-of-sahara,SS,SSD,LDCs,south-sudan,SS
ST,country,Sao Tome and Principe,south-of-sahara,ST,STP,LDCs,sao-tome-and-principe,ST
SV,country,El Salvador,north-central-america,SV,SLV,LMICs,el-salvador,SV
SX,country,Sint Maarten (Dutch part),north-central-america,SX,SXM,,sint-maarten-dutch-part,SX
SY,country,Syrian Arab Republic,middle-east,SY,SYR,LMICs,syrian-arab-republic,SY
SZ,country,Swaziland,south-of-sahara,SZ,SWZ,LMICs,swaziland,SZ
TC,country,Turks and Caicos Islands,north-central-america,TC,TCA,,turks-and-caicos-islands,TC
TD,country,Chad,south-of-sahara,TD,TCD,LDCs,chad,TD
TF,country,French Southern Territories,unspecified,TF,ATF,,french-southern-territories,TF
TG,country,Togo,south-of-sahara,TG,TGO,LDCs,togo,TG
TH,country,Thailand,east-asia,TH,THA,UMICs,thailand,TH
TJ,country,Tajikistan,south-central-asia,TJ,TJK,Other LICs,tajikistan,TJ
TK,country,Tokelau,oceania,TK,TKL,LMICs,tokelau,TK
TL,country,Timor-Leste,east-asia,TL,TLS,LDCs,timor-leste,TL
TM,country,Turkmenistan,south-central-asia,TM,TKM,LMICs,turkmenistan,TM
TN,country,Tunisia,north-of-sahara,TN,TUN,UMICs,tunisia,TN
TO,country,Tonga,oceania,TO,TON,LMICs,tonga,TO
TR,country,Turkey,europe,TR,TUR,UMICs,turkey,TR
TT,country,Trinidad and Tobago,europe,TT,TTO,,trinidad-and-tobago,TT
TV,country,Tuvalu,oceania,TV,TUV,LDCs,tuvalu,TV
TW,country,"Taiwan, Province of China",east-asia,TW,TWN,,taiwan-province-of-china,TW
TZ,country,"Tanzania, United Republic of",south-of-sahara,TZ,TZA,LDCs,tanzania-united-republic-of,TZ
UA,country,Ukraine,europe,UA,UKR,LMICs,ukraine,UA
UG,country,Uganda,south-of-sahara,UG,UGA,LDCs,uganda,UG
UM,country,United States Minor Outlying Islands,oceania,UM,UMI,,united-states-minor-outlying-islands,UM
US,country,United States,north-central-america,US,USA,,united-states,US
UY,country,Uruguay,south-america,UY,URY,UMICs,uruguay,UY
UZ,country,Uzbekistan,south-central-asia,UZ,UZB,LMICs,uzbekistan,UZ
VA,country,Holy See (Vatican City State),europe,VA,VAT,,holy-see-vatican-city-state,VA
VC,country,Saint Vincent and the Grenadines,north-central-america,VC,VCT,UMICs,saint-vincent-and-the-grenadines,VC
VE,country,"Venezuela, Bolivarian Republic of",south-america,VE,VEN,UMICs,venezuela-bolivarian-republic-of,VE
VG,country,"Virgin Islands, British",north-central-america,VG,VGB,,virgin-islands-british,VG
VI,country,"Virgin Islands, U.S.",north-central-america,VI,VIR,,virgin-islands-us,VI
VN,country,Viet Nam,east-asia,VN,VNM,LMICs,viet-nam,VN
VU,country,Vanuatu,oceania,VU,VUT,LDCs,vanuatu,VU
WF,country,Wallis and Futuna,oceania,WF,WLF,UMICs,wallis-and-futuna,WF
WS,country,Samoa,oceania,WS,WSM,LDCs,samoa,WS
XK,country,Kosovo,europe,XK,XKS,LMICs,kosovo,XK
YE,country,Yemen,middle-east,YE,YEM,LDCs,yemen,YE
YT,country,Mayotte,south-of-sahara,YT,MYT,,mayotte,YT
ZA,country,South Africa,south-of-sahara,ZA,ZAF,UMICs,south-africa,ZA
ZM,country,Zambia,south-of-sahara,ZM,ZMB,LDCs,zambia,ZM
ZW,country,Zimbabwe,south-of-sahara,ZW,ZWE,Other LICs,zimbabwe,ZW
EU,country,European Union,europe,,,,european-union,EU
afdb,organisation,AfDB,,,,,afdb,1
afdf,organisation,AfDF,,,,,afdf,2
afesd,organisation,AFESD,,,,,afesd,3
arab-fund-afesd,organisation,Arab Fund (AFESD),,,,,arab-fund-afesd,4
asdb,organisation,AsDB,,,,,asdb,5
asdb-special-funds,organisation,AsDB Special Funds,,,,,asdb-special-funds,6
badea,organisation,BADEA,,,,,badea,7
cardb,organisation,CarDB,,,,,cardb,8
ebrd,organisation,EBRD,,,,,ebrd,9
gavi,organisation,GAVI,,,,,gavi,10
gef,organisation,GEF,,,,,gef,11
global-fund,organisation,Global Fund,,,,,global-fund,12
iaea,organisation,IAEA,,,,,iaea,13
ibrd,organisation,IBRD,,,,,ibrd,14
ida,organisation,IDA,,,,,ida,15
idb,organisation,IDB,,,,,idb,16
idb-specialfund,organisation,IDB Sp.Fund,,,,,idb-specialfund,17
ifad,organisation,IFAD,,,,,ifad,18
ifc,organisation,IFC,,,,,ifc,19
imf,organisation,IMF,,,,,imf,20
imf-concessional-trust-fund,organisation,IMF (Concessional Trust Funds),,,,,imf-concessional-trust-fund,21
islamic-dev-bank,organisation,Isl.Dev Bank,,,,,islamic-dev-bank,22
montreal-protocol,organisation,Montreal Protocol,,,,,montreal-protocol,23
nordic-dev-fund,organisation,Nordic Dev.Fund,,,,,nordic-dev-fund,24
ofid,organisation,OFID,,,,,ofid,25
osce,organisation,OSCE,,,,,osce,26
unaids,organisation,UNAIDS,,,,,unaids,27
undp,organisation,UNDP,,,,,undp,28
unece,organisation,UNECE,,,,,unece,29
unep,organisation,UNEP,,,,,unep,30
unfpa,organisation,UNFPA,,,,,unfpa,31
unhcr,organisation,UNHCR,,,,,unhcr,32
unicef,organisation,UNICEF,,,,,unicef,33
unpbf,organisation,UNPBF,,,,,unpbf,34
unrwa,organisation,UNRWA,,,,,unrwa,35
unta,organisation,UNTA,,,,,unta,36
wfp,organisation,WFP,,,,,wfp,37
who,organisation,WHO,,,,,who,38
africa,region,"Africa, regional",,,,,africa,51
america,region,"America, regional",,,,,america,52
asia,region,"Asia, regional",,,,,asia,53
central-asia,region,"Central Asia, regional",south-central-asia,,,,central-asia,54
bilateral-unspecified,region,"Bilateral, unspecified",,,,,bilateral,55
europe,region,"Europe, regional",europe,,,,europe,56
east-asia,region,"Far East Asia, regional",east-asia,,,,east-asia,57
middle-east,region,"Middle East, regional",middle-east,,,,middle-east,58
north-central-america,region,"North & Central America, regional",north-central-america,,,,north-central-america,59
north-of-sahara,region,"North of Sahara, regional",north-of-sahara,,,,north-of-sahara,60
oceania,region,"Oceania, regional",oceania,,,,oceania,61
south-central-asia,region,"South & Central Asia, regional",south-central-asia,,,,south-central-asia,62
south-america,region,"South America, regional",south-america,,,,south-america,63
south-asia,region,"South Asia, regional",south-central-asia,,,,south-asia,64
south-of-sahara,region,"South of Sahara, regional",south-of-sahara,,,,south-of-sahara,65
ex-yugoslavia,region,States Ex-Yugoslavia unspecified,europe,,,,ex-yugoslavia,66
west-indies,region,"West Indies, regional",,,,,west-indies,67
